﻿Designator,Footprint,Quantity,Value,LCSC Part #
"C201, C204, C207, C209",0805,4,10u,
"C202, C205, C206, C210, C211, C212, C303",0805,7,0u1,
"C203, C208",0805,2,1u,
C301,0805,1,470n,
C302,1210,1,10u,
C304,0805,1,5p1,
"C305, C307",0805,2,22u,
C306,1210,1,10u,C2918502
"D201, D301",0805,2,RED,
D202,0805,1,BLUE,C205441
D203,0805,1,GREEN,C84260
"D204, D210",D_SOD-323,2,D_Schottky,C2891705
"D205, D206, D207, D208, D209, D211",D_SOD-523,6,D_TVS,C383211
"H101, H102, H103, H104",M2.5M3,4,MountingHole,
J101,AMASS_XT30UPB-M_1x02_P5.0mm_Vertical,1,Conn_01x02_Pin,
J102,PinHeader_2x02_P2.54mm_Vertical,1,Conn_01x04_Pin,
J103,PinHeader_1x02_P2.54mm_Vertical,1,Conn_01x02_Pin,
"J201, J202",USB_C_Receptacle_G-Switch_GT-USB-7010ASV,2,USB_C_Receptacle_USB2.0_16P,C2765186
"J203, J204",PinHeader_2x10_P2.54mm_Vertical,2,Conn_02x10_Odd_Even,
J401,PinSocket_2x20_P2.54mm_Vertical,1,GPIO,
"JP101, JP102",SolderJumper-2_P1.3mm_Open_TrianglePad1.0x1.5mm,2,SolderJumper_2_Open,
"JP201, JP202, JP203, JP206, JP207",SolderJumper-2_P1.3mm_Bridged_RoundedPad1.0x1.5mm,5,SolderJumper_2_Bridged,
L301,L_Bourns_SRP1050WA,1,3u3,C497894
Q101,SO-8_5.3x6.2mm_P1.27mm,1,AO4407,C469397
Q201,SOT-363_SC-70-6,1,UMH3N,C62892
R101,0805,1,2k,C17604
"R201, R202, R203, R301",0805,4,10k,
"R204, R205, R206, R305",0805,4,1k,
"R207, R208, R209, R210",0805,4,5k1,
"R211, R212",0805,2,4k7,C17673
R302,0805,1,105k,C3000727
R303,0805,1,365k,C2999471
R304,0805,1,49k9,C17719
SW101,5Amp_Switch,1,SW_DPDT_x2,C2884744
"SW201, SW202",SW_SPST_B3U-1000P,2,SW_MEC_5E,C720477
TP201,TestPoint_Pad_D1.0mm,1,TestPoint,
U201,ESP32-S3-WROOM-1,1,ESP32-S3-WROOM-1,C2913205
U202,TQFN-16-1EP_3x3mm_P0.5mm_EP1.23x1.23mm,1,CH343P,C2846043
U203,SOT-223-3_TabPin2,1,AMS1117-3.3,C347222
U301,Texas_HSOP-8-1EP_3.9x4.9mm_P1.27mm_ThermalVias,1,TPS56528,C138716
