﻿Designator,Footprint,Quantity,Value,LCSC Part #
C201,1210,1,10u,C2918502
C202,1210,1,10u,
C203,0805,1,470n,
C204,0805,1,0u1,
C205,0805,1,5p1,
"C206, C207",0805,2,22u,
"C301, C305, C308",0805,3,10u,
"C302, C310",0805,2,1u,
"C303, C304, C306, C311",0805,4,100n,
C307,CP_Radial_D8.0mm_P3.50mm,1,220u,
D101,D_DO-201_P3.81mm_Vertical_AnodeUp,1,1N5355,
"D201, D301",0805,2,RED,
D302,0805,1,BLUE,C205441
D303,0805,1,GREEN,C84260
"D308, D309, D311",D_SOD-523,3,D_TVS,C383211
D310,D_SOD-323,1,D_Schottky,C2891705
"H101, H102, H103, H104",M2.5M3,4,MountingHole,
J101,AMASS_XT30UPB-M_1x02_P5.0mm_Vertical,1,Conn_01x02_Pin,
J102,PinHeader_2x02_P2.54mm_Vertical,1,Conn_01x04_Pin,
J103,PinHeader_1x02_P2.54mm_Vertical,1,Conn_01x02_Pin,
"J301, J302",JST_PH_B2B-PH-SM4-TB_1x02-1MP_P2.00mm_Vertical,2,Conn_01x02_Socket,C160352
J303,USB_C_Receptacle_G-Switch_GT-USB-7010ASV,1,USB_C_Receptacle_USB2.0_16P,C2765186
J304,JST_PH_B3B-PH-SM4-TB_1x03-1MP_P2.00mm_Vertical,1,Conn_01x03_Socket,C160353
"J305, J306, J307",JST_PH_B4B-PH-SM4-TB_1x04-1MP_P2.00mm_Vertical,3,Conn_01x04_Socket,
J401,PinSocket_2x20_P2.54mm_Vertical,1,GPIO,
"JP103, JP104",SolderJumper-2_P1.3mm_Bridged_RoundedPad1.0x1.5mm,2,SolderJumper_2_Open,
JP305,SolderJumper-2_P1.3mm_Bridged_RoundedPad1.0x1.5mm,1,SolderJumper_2_Bridged,
L201,L_Bourns_SRP1050WA,1,3u3,C497894
Q101,SOP-8_3.76x4.96mm_P1.27mm,1,AO4407,C469397
R101,0805,1,2k,C17604
"R201, R301, R302, R306",0805,4,10k,
R202,0805,1,105k,C3000727
R203,0805,1,365k,C2999471
R204,0805,1,49k9,C17719
"R205, R303, R304, R305, R313, R314, R315",0805,7,1k,
"R307, R308",2512,2,0.15,
"R309, R310",0805,2,4k7,C17673
"R311, R312",0603,2,5k1,
SW101,5Amp_Switch,1,SW_DPDT_x2,C2884744
"SW301, SW303",SW_SPST_B3U-1000P,2,SW_Push,
U201,Texas_HSOP-8-1EP_3.9x4.9mm_P1.27mm_ThermalVias,1,TPS56528,C138716
U301,SOT-223-3_TabPin2,1,AMS1117-3.3,C347222
U302,ESP32-S3-WROOM-1,1,ESP32-S3-WROOM-1,C2913205
"U303, U304",SOIC-8-1EP_3.9x4.9mm_P1.27mm_EP2.41x3.3mm,2,A4950E,
