﻿Designator,Footprint,Quantity,Value,LCSC Part #
"C101, C108",CP_EIA-3528-21_Kemet-B,2,10u,C163225
"C102, C103, C105, C109, C110",0805,5,0.1u,C38141
C104,0805,1,0.1uF,C38141
C106,0805,1,2.2n,C36576
C107,0805,1,10n,C36576
C112,0805,1,100n,C38141
"H101, H102, H103, H104",M2.5M3,4,MountingHole,
"J101, J102",JST_PH_B6B-PH-SM4-TB_1x06-1MP_P2.00mm_Vertical,2,Conn_01x06_Socket,C265088
"J103, J108",JST_PH_B3B-PH-SM4-TB_1x03-1MP_P2.00mm_Vertical,2,Conn_01x03_Socket,C160353
"J104, J105",JST_PH_B2B-PH-SM4-TB_1x02-1MP_P2.00mm_Vertical,2,Conn_01x02_Socket,C160352
J106,JST_PH_B7B-PH-SM4-TB_1x07-1MP_P2.00mm_Vertical,1,Conn_01x07_Socket,C495700
J107,JST_PH_B4B-PH-SM4-TB_1x04-1MP_P2.00mm_Vertical,1,Conn_01x04_Socket,
"J109, J110",PinSocket_2x10_P2.54mm_Vertical,2,Conn_02x10_Odd_Even,
JP101,SolderJumper-3_P1.3mm_Bridged12_RoundedPad1.0x1.5mm,1,SolderJumper_3_Bridged12,
R102,0805,1,330,C17630
R103,0805,1,1k,C17513
"U101, U103",SSOP-24_5.3x8.2mm_P0.65mm,2,TB6612FNG,C88224
U102,InvenSense_QFN-24_4x4mm_P0.5mm,1,MPU-6050,C24112
U104,SOT-23-5,1,74LVC1G126,C7834
